<?xml version="1.0" encoding="UTF-8"?>
<item>
    <plugin_location>plugins/polls/PollsPlugin.php</plugin_location>
    <plugin_frontend>yes</plugin_frontend>
    <plugin_backend>yes</plugin_backend>
    <plugin_status>active</plugin_status>
    <plugin_priority>15</plugin_priority>
    <plugin_name>Polls</plugin_name>
    <plugin_description>Polls plugin.</plugin_description>
    <plugin_version>1.0</plugin_version>
    <plugin_author>promo360</plugin_author>
    <plugin_author_uri>http://promo360.ru/</plugin_author_uri>
</item>