<?xml version="1.0" encoding="UTF-8"?>
<root>
    <plugin_location>plugins/fancybox/fancyboxPlugin.php</plugin_location>
    <plugin_frontend>yes</plugin_frontend>
    <plugin_backend>yes</plugin_backend>
    <plugin_status>active</plugin_status>
    <plugin_priority>15</plugin_priority>
    <plugin_name>Fancybox</plugin_name>
    <plugin_description>Fancybox plugin</plugin_description>
    <plugin_version>1.0.1</plugin_version>
    <plugin_author>Mamay Alexander</plugin_author>
    <plugin_author_uri>http://alexander.mamay.su/</plugin_author_uri>
</root>