<?xml version="1.0" encoding="UTF-8"?>
<root>
    <plugin_location>plugins/charts/ChartsPlugin.php</plugin_location>
    <plugin_frontend>yes</plugin_frontend>
    <plugin_backend>yes</plugin_backend>
    <plugin_status>active</plugin_status>
    <plugin_priority>11</plugin_priority>
    <plugin_name>Charts</plugin_name>
    <plugin_description>Charts plugin for TemplateCMS :)</plugin_description>
    <plugin_version>1.0.0</plugin_version>
    <plugin_author>Awilum</plugin_author>
    <plugin_author_uri>http://template-cms.ru/</plugin_author_uri>
</root>