<?xml version="1.0" encoding="UTF-8"?>
<root>
    <plugin_location>plugins/imperavi/ImperaviPlugin.php</plugin_location>
    <plugin_frontend>no</plugin_frontend>
    <plugin_backend>yes</plugin_backend>
    <plugin_status>active</plugin_status>
    <plugin_priority>15</plugin_priority>
    <plugin_name>Imperavi</plugin_name>
    <plugin_description>WYSIWYG Editor on jQuery &lt;a href=&quot;http://imperavi.com/redactor/&quot;&gt;Imperavi&lt;/a&gt;</plugin_description>
    <plugin_version>7.5.1</plugin_version>
    <plugin_author>Mamay Alexander</plugin_author>
    <plugin_author_uri>http://alexander.mamay.su/</plugin_author_uri>
</root>