<?xml version="1.0" encoding="UTF-8"?>
<root>
    <plugin_location>plugins/multigallery/MultiGalleryPlugin.php</plugin_location>
    <plugin_frontend>yes</plugin_frontend>
    <plugin_backend>yes</plugin_backend>
    <plugin_status>active</plugin_status>
    <plugin_priority>16</plugin_priority>
    <plugin_name>MultiGallery</plugin_name>
    <plugin_description>Simple Gallery plugin</plugin_description>
    <plugin_version>1.0.5</plugin_version>
    <plugin_author>Murlika</plugin_author>
    <plugin_author_uri>http://</plugin_author_uri>
</root>