<?xml version="1.0" encoding="UTF-8"?>
<root>
    <plugin_location>plugins/simplegallery/SimpleGalleryPlugin.php</plugin_location>
    <plugin_frontend>yes</plugin_frontend>
    <plugin_backend>yes</plugin_backend>
    <plugin_status>active</plugin_status>
    <plugin_priority>15</plugin_priority>
    <plugin_name>Simple Gallery</plugin_name>
    <plugin_description>Simple Gallery plugin</plugin_description>
    <plugin_version>1.1.4</plugin_version>
    <plugin_author>Awilum</plugin_author>
    <plugin_author_uri>http://awilum.webdevart.ru/</plugin_author_uri>
</root>