<?xml version="1.0" encoding="UTF-8"?>
<root>
    <plugin_location>plugins/mailnewsletter/MailnewsletterPlugin.php</plugin_location>
    <plugin_frontend>yes</plugin_frontend>
    <plugin_backend>yes</plugin_backend>
    <plugin_status>active</plugin_status>
    <plugin_priority>18</plugin_priority>
    <plugin_name>Mail Newsletter</plugin_name>
    <plugin_description>Mail Newsletter plugin</plugin_description>
    <plugin_version>1.0.3</plugin_version>
    <plugin_author>Awilum</plugin_author>
    <plugin_author_uri>http://awilum.webdevart.ru/</plugin_author_uri>
</root>
