<?xml version="1.0" encoding="UTF-8"?>
<root>
    <plugin_location>plugins/news/NewsPlugin.php</plugin_location>
    <plugin_frontend>yes</plugin_frontend>
    <plugin_backend>yes</plugin_backend>
    <plugin_status>active</plugin_status>
    <plugin_priority>15</plugin_priority>
    <plugin_name>News</plugin_name>
    <plugin_description>News plugin.</plugin_description>
    <plugin_version>1.0.0</plugin_version>
    <plugin_author>JEEN</plugin_author>
    <plugin_author_uri>http://lovetcms.ru/</plugin_author_uri>
</root>