<?xml version="1.0" encoding="UTF-8"?>
<root>
    <plugin_location>plugins/onesocialbutton/OneSocialButtonPlugin.php</plugin_location>
    <plugin_frontend>yes</plugin_frontend>
    <plugin_backend>yes</plugin_backend>
    <plugin_status>active</plugin_status>
    <plugin_priority>10</plugin_priority>
    <plugin_name>One social button</plugin_name>
    <plugin_description>One social button plugin for news plugin</plugin_description>
    <plugin_version>1.1.2</plugin_version>
    <plugin_author>Awilum</plugin_author>
    <plugin_author_uri>http://awilum.webdevart.ru/</plugin_author_uri>
</root>