<?xml version="1.0" encoding="UTF-8"?>
<item>
    <plugin_location>plugins/contacts/ContactsPlugin.php</plugin_location>
    <plugin_frontend>yes</plugin_frontend>
    <plugin_backend>yes</plugin_backend>
    <plugin_status>active</plugin_status>
    <plugin_priority>15</plugin_priority>
    <plugin_name>Contacts</plugin_name>
    <plugin_description>Contact form plugin.</plugin_description>
    <plugin_version>1.1.5</plugin_version>
    <plugin_author>Awilum</plugin_author>
    <plugin_author_uri>http://awilum.webdevart.ru/</plugin_author_uri>
</item>