<?xml version="1.0" encoding="UTF-8"?>
<root>
    <plugin_location>plugins/markitup/MarkitupPlugin.php</plugin_location>
    <plugin_frontend>no</plugin_frontend>
    <plugin_backend>yes</plugin_backend>
    <plugin_status>active</plugin_status>
    <plugin_priority>15</plugin_priority>
    <plugin_name>Markitup</plugin_name>
    <plugin_description>Universal markup editor http://markitup.jaysalvat.com/</plugin_description>
    <plugin_version>1.0.0</plugin_version>
    <plugin_author>Awilum</plugin_author>
    <plugin_author_uri>http://awilum.webdevart.ru/</plugin_author_uri>
</root>