<?xml version="1.0" encoding="UTF-8"?>
<root>
    <plugin_location>plugins/article/ArticlePlugin.php</plugin_location>
    <plugin_frontend>yes</plugin_frontend>
    <plugin_backend>yes</plugin_backend>
    <plugin_status>active</plugin_status>
    <plugin_priority>15</plugin_priority>
    <plugin_name>Article</plugin_name>
    <plugin_description>Article plugin.</plugin_description>
    <plugin_version>2.2.1</plugin_version>
    <plugin_author>JEEN</plugin_author>
    <plugin_author_uri>http://lovetcms.ru/</plugin_author_uri>
</root>