<?xml version="1.0" encoding="UTF-8"?>
<root>
    <plugin_location>plugins/fmanager/FmanagerPlugin.php</plugin_location>
    <plugin_frontend>yes</plugin_frontend>
    <plugin_backend>yes</plugin_backend>
    <plugin_status>active</plugin_status>
    <plugin_priority>99</plugin_priority>
    <plugin_name>FManager</plugin_name>
    <plugin_description>File manger for TemplateCMS with categories.</plugin_description>
    <plugin_version>1.1.1</plugin_version>
    <plugin_author>El'Drako</plugin_author>
    <plugin_author_uri>http://</plugin_author_uri>
</root>