<?xml version="1.0" encoding="UTF-8"?>
<root>
    <plugin_location>plugins/tinymce/TinyMCEPlugin.php</plugin_location>
    <plugin_frontend>no</plugin_frontend>
    <plugin_backend>yes</plugin_backend>
    <plugin_status>active</plugin_status>
    <plugin_priority>15</plugin_priority>
    <plugin_name>TinyMCE</plugin_name>
    <plugin_description>JavaScript WYSIWYG editor TinyMCE+KCFinder</plugin_description>
    <plugin_version>0.92</plugin_version>
    <plugin_author>S.Mashevsky</plugin_author>
    <plugin_author_uri>http://antrea-skt.ru/</plugin_author_uri>
</root>
